{
  "model": "roberta-base",
  "train_size": 50000,
  "max_length": 128,
  "epochs": 3,
  "batch_size": 32,
  "learning_rate": 2e-05,
  "test_accuracy": 0.7000783346389107,
  "test_f1_macro": 0.7083073519334018,
  "test_f1_weighted": 0.7083067009200004,
  "per_class_f1": {
    "Society & Culture": 0.5727172496742508,
    "Science & Mathematics": 0.7373924233893671,
    "Health": 0.7949260042283298,
    "Education & Reference": 0.5455424482691936,
    "Computers & Internet": 0.8442877528750105,
    "Sports": 0.8697387833029593,
    "Business & Finance": 0.4670618120237087,
    "Entertainment & Music": 0.7262139401540942,
    "Family & Relationships": 0.7473675050039161,
    "Politics & Government": 0.7778256004131876
  },
  "per_class_precision": {
    "Society & Culture": 0.7183806889615288,
    "Science & Mathematics": 0.7125757811285559,
    "Health": 0.8068669527896996,
    "Education & Reference": 0.6497005988023952,
    "Computers & Internet": 0.8504989007272112,
    "Sports": 0.9072967590077856,
    "Business & Finance": 0.3531370038412292,
    "Entertainment & Music": 0.7851607903913211,
    "Family & Relationships": 0.781864530225783,
    "Politics & Government": 0.8043439558483176
  },
  "per_class_recall": {
    "Society & Culture": 0.4761666666666667,
    "Science & Mathematics": 0.764,
    "Health": 0.7833333333333333,
    "Education & Reference": 0.4701666666666667,
    "Computers & Internet": 0.8381666666666666,
    "Sports": 0.8351666666666666,
    "Business & Finance": 0.6895,
    "Entertainment & Music": 0.6755,
    "Family & Relationships": 0.715785964327388,
    "Politics & Government": 0.753
  },
  "confusion_matrix": [
    [
      2857,
      163,
      130,
      345,
      40,
      49,
      1522,
      196,
      427,
      271
    ],
    [
      68,
      4584,
      307,
      291,
      92,
      42,
      516,
      34,
      16,
      50
    ],
    [
      42,
      199,
      4700,
      74,
      14,
      44,
      618,
      33,
      253,
      23
    ],
    [
      290,
      971,
      167,
      2821,
      195,
      66,
      1011,
      136,
      47,
      296
    ],
    [
      16,
      64,
      12,
      77,
      5029,
      26,
      597,
      145,
      20,
      14
    ],
    [
      32,
      62,
      78,
      91,
      34,
      5011,
      369,
      240,
      25,
      58
    ],
    [
      178,
      232,
      167,
      288,
      269,
      75,
      4137,
      190,
      202,
      262
    ],
    [
      116,
      88,
      64,
      101,
      170,
      131,
      1041,
      4053,
      162,
      74
    ],
    [
      143,
      17,
      143,
      42,
      35,
      28,
      1164,
      82,
      4294,
      51
    ],
    [
      235,
      53,
      57,
      212,
      35,
      51,
      740,
      53,
      46,
      4518
    ]
  ],
  "classification_report": "                        precision    recall  f1-score   support\n\n     Society & Culture     0.7184    0.4762    0.5727      6000\n Science & Mathematics     0.7126    0.7640    0.7374      6000\n                Health     0.8069    0.7833    0.7949      6000\n Education & Reference     0.6497    0.4702    0.5455      6000\n  Computers & Internet     0.8505    0.8382    0.8443      6000\n                Sports     0.9073    0.8352    0.8697      6000\n    Business & Finance     0.3531    0.6895    0.4671      6000\n Entertainment & Music     0.7852    0.6755    0.7262      6000\nFamily & Relationships     0.7819    0.7158    0.7474      5999\n Politics & Government     0.8043    0.7530    0.7778      6000\n\n              accuracy                         0.7001     59999\n             macro avg     0.7370    0.7001    0.7083     59999\n          weighted avg     0.7370    0.7001    0.7083     59999\n",
  "best_category": {
    "name": "Sports",
    "f1": 0.8697387833029593
  },
  "worst_category": {
    "name": "Business & Finance",
    "f1": 0.4670618120237087
  },
  "top_misclassifications": [
    {
      "true": "Society & Culture",
      "pred": "Business & Finance",
      "count": 1522
    },
    {
      "true": "Family & Relationships",
      "pred": "Business & Finance",
      "count": 1164
    },
    {
      "true": "Entertainment & Music",
      "pred": "Business & Finance",
      "count": 1041
    },
    {
      "true": "Education & Reference",
      "pred": "Business & Finance",
      "count": 1011
    },
    {
      "true": "Education & Reference",
      "pred": "Science & Mathematics",
      "count": 971
    },
    {
      "true": "Politics & Government",
      "pred": "Business & Finance",
      "count": 740
    },
    {
      "true": "Health",
      "pred": "Business & Finance",
      "count": 618
    },
    {
      "true": "Computers & Internet",
      "pred": "Business & Finance",
      "count": 597
    },
    {
      "true": "Science & Mathematics",
      "pred": "Business & Finance",
      "count": 516
    },
    {
      "true": "Society & Culture",
      "pred": "Family & Relationships",
      "count": 427
    },
    {
      "true": "Sports",
      "pred": "Business & Finance",
      "count": 369
    },
    {
      "true": "Society & Culture",
      "pred": "Education & Reference",
      "count": 345
    },
    {
      "true": "Science & Mathematics",
      "pred": "Health",
      "count": 307
    },
    {
      "true": "Education & Reference",
      "pred": "Politics & Government",
      "count": 296
    },
    {
      "true": "Science & Mathematics",
      "pred": "Education & Reference",
      "count": 291
    }
  ]
}